Frequency (Hz),"Trace 1: Gain: Real ","Trace 1: Gain: Imaginary ",Trace 1: Gain: Magnitude (dB),"Trace 2: Gain: Real ","Trace 2: Gain: Imaginary ",Trace 2: Gain: Phase (°)
10,2.1873302913423776,2.477688847666924,10.383560810649834,2.1873302913423776,2.477688847666924,48.56159020016177
10.351422,2.310289217390013,2.5300789028185187,10.696213179348312,2.310289217390013,2.5300789028185187,47.599880163153514
10.715193,2.694997477689324,2.3051760855277177,10.995718187583618,2.694997477689324,2.3051760855277177,40.54214797604754
11.091748,2.3986420254761884,2.073974525235798,10.023757644523643,2.3986420254761884,2.073974525235798,40.848178175240825
11.481536,2.542761783672044,1.6367181390950245,9.611591927503111,2.542761783672044,1.6367181390950245,32.768465789349456
11.885022,2.51771787697041,1.6436703959012173,9.561951252360602,2.51771787697041,1.6436703959012173,33.13816448166811
12.302688,2.857050457133136,1.4339445934050077,10.0940561171778,2.857050457133136,1.4339445934050077,26.651929889468942
12.735031,2.8276487380514026,1.3500261215101255,9.920304553198399,2.8276487380514026,1.3500261215101255,25.521568711206687
13.182567,2.6755035285210753,1.1450768350236835,9.278588024793255,2.6755035285210753,1.1450768350236835,23.170224758057813
13.645831,2.769202897571941,1.0388702138208141,9.41895668338207,2.769202897571941,1.0388702138208141,20.56364759365337
14.125375,2.6381049918615522,1.0699167161997691,9.087165662653248,2.6381049918615522,1.0699167161997691,22.075634344231364
14.621772,2.807339035119575,0.9791227482588539,9.464441005078134,2.807339035119575,0.9791227482588539,19.227368680647253
15.135612,2.6280923065282193,0.8682433831126811,8.842693478476338,2.6280923065282193,0.8682433831126811,18.28201574968587
15.667511,2.5808659891566883,0.7402905381475496,8.578689610733512,2.5808659891566883,0.7402905381475496,16.004905167649415
16.218101,2.631318023431044,0.5756798659675474,8.606518939238894,2.631318023431044,0.5756798659675474,12.340729907637344
16.78804,2.645492251173597,0.5739558019943719,8.649886914041682,2.645492251173597,0.5739558019943719,12.24096394264915
17.378008,2.551362053842599,0.5095061425816474,8.305273909352419,2.551362053842599,0.5095061425816474,11.293385329168734
17.988709,2.599674929258573,0.5061578491043627,8.459970604571824,2.599674929258573,0.5061578491043627,11.017673210908958
18.620871,2.535022475958406,0.4491544653355252,8.213876556430344,2.535022475958406,0.4491544653355252,10.047375834689982
19.275249,2.509609651028969,0.39748792831690666,8.099727546583932,2.509609651028969,0.39748792831690666,9.000107089834382
19.952623,2.528520803764545,0.38633566217931986,8.157551950043148,2.528520803764545,0.38633566217931986,8.687104621968706
20.653802,2.4436193202446272,0.3328563819013747,7.840513252106575,2.4436193202446272,0.3328563819013747,7.756776912636156
21.379621,2.453333385758707,0.29037601942279756,7.855549643425768,2.453333385758707,0.29037601942279756,6.750112350487747
22.130947,2.4000553080846476,0.30599528717182234,7.674451952299442,2.4000553080846476,0.30599528717182234,7.2657320865297
22.908677,2.324652414847023,0.26500265484813357,7.383234574130473,2.324652414847023,0.26500265484813357,6.503454222108862
23.713737,2.3663190867774837,0.24283614543996848,7.526963631656848,2.3663190867774837,0.24283614543996848,5.859290277050369
24.547089,2.360414948015456,0.18480087399519754,7.486306336246592,2.360414948015456,0.18480087399519754,4.476651599667654
25.409727,2.325207504590744,0.2014697921787369,7.361717279276697,2.325207504590744,0.2014697921787369,4.952078833533689
26.30268,2.3157663922744214,0.17993287677891892,7.320035095782061,2.3157663922744214,0.17993287677891892,4.442901867212155
27.227013,2.261845722974244,0.16649492830623802,7.1127281392619714,2.261845722974244,0.16649492830623802,4.209961217020609
28.183829,2.2734294299719804,0.1967313880670575,7.166029751408204,2.2734294299719804,0.1967313880670575,4.945774000949062
29.17427,2.275021243966591,0.12153284077443764,7.152085169638771,2.275021243966591,0.12153284077443764,3.0578643261556357
30.199517,2.2324894987004718,0.1455230754617195,6.994202495299952,2.2324894987004718,0.1455230754617195,3.729504183400506
31.260794,2.247881788458516,0.13731659799117957,7.051645497649886,2.247881788458516,0.13731659799117957,3.495689587660325
32.359366,2.21791884131978,0.13049084344799294,6.933920303673889,2.21791884131978,0.13049084344799294,3.367105017272604
33.496544,2.2214982353109445,0.1231343461179386,6.946241913726443,2.2214982353109445,0.1231343461179386,3.1725735227256315
34.673685,2.2052355381194158,0.10722183758650994,6.87935447225496,2.2052355381194158,0.10722183758650994,2.783614016162432
35.892193,2.2026499028758804,0.0928860775619656,6.866625779575673,2.2026499028758804,0.0928860775619656,2.414740919075993
37.153523,2.1805994453338555,0.07279535369145507,6.7763551891558365,2.1805994453338555,0.07279535369145507,1.9120055219012704
38.459178,2.1762061530918313,0.09570576699078304,6.762392201660728,2.1762061530918313,0.09570576699078304,2.5181462699397446
39.810717,2.1735897706437317,0.08135581106737756,6.749631612423155,2.1735897706437317,0.08135581106737756,2.143536805706867
41.209752,2.1735681838260987,0.095119919296759,6.751774681487839,2.1735681838260987,0.095119919296759,2.5057851128596234
42.657952,2.1510683252726963,0.07179407327681078,6.65791927073573,2.1510683252726963,0.07179407327681078,1.9115947846054104
44.157045,2.164005897872051,0.07376548522707702,6.710212181063011,2.164005897872051,0.07376548522707702,1.9523122090127112
45.708819,2.1534709264797653,0.06096348490784941,6.666259396402994,2.1534709264797653,0.06096348490784941,1.62157644452797
47.315126,2.129192351321849,0.06727893764000484,6.5686320190651735,2.129192351321849,0.06727893764000484,1.8098491640822802
48.977882,2.136039648534067,0.06887053909198268,6.596698587580358,2.136039648534067,0.06887053909198268,1.8467001381046315
50.699071,2.1261094018460605,0.06250453883808409,6.555464036544625,2.1261094018460605,0.06250453883808409,1.6839279673650223
52.480746,2.122735096884904,0.05374112540912982,6.540698714570982,2.122735096884904,0.05374112540912982,1.4502431673264282
54.325033,2.12960339583441,0.06161037419915661,6.569608010076703,2.12960339583441,0.06161037419915661,1.657130185609467
56.234133,2.118281101815492,0.05670520944043852,6.522782887246407,2.118281101815492,0.05670520944043852,1.5334100059632831
58.210322,2.102141329693279,0.05267502757851052,6.455964266533724,2.102141329693279,0.05267502757851052,1.4354055499852838
60.255959,2.1087421414979945,0.06843704215927503,6.4850413848433845,2.1087421414979945,0.06843704215927503,1.8588227577827556
62.373484,2.115339416528423,0.047644082169792074,6.509803820891453,2.115339416528423,0.047644082169792074,1.2902626139950666
64.565423,2.098973709161817,0.0468286187849602,6.442301126812343,2.098973709161817,0.0468286187849602,1.2780708841528108
66.834392,2.094951682550849,0.04218619521674222,6.425240933744238,2.094951682550849,0.04218619521674222,1.153613387709082
69.183097,2.105529334377148,0.04283899496578289,6.469023351769575,2.105529334377148,0.04283899496578289,1.1655762608705291
71.614341,2.0965210268518137,0.04214092721652403,6.431738759437463,2.0965210268518137,0.04214092721652403,1.151513459022286
74.131024,2.096305711934351,0.039075460579473656,6.430601070909169,2.096305711934351,0.039075460579473656,1.0678784653751794
76.736149,2.1002817102308375,0.042655418852761424,6.4473419779494865,2.1002817102308375,0.042655418852761424,1.1634817948143938
79.432823,2.0950042825116837,0.039989464211475284,6.425280374460262,2.0950042825116837,0.039989464211475284,1.0935296567271537
82.224265,2.0880315212773186,0.039232490442779974,6.396273951817398,2.0880315212773186,0.039232490442779974,1.0764165346057335
85.113804,2.0879506891326813,0.04437467642060123,6.3963659296719655,2.0879506891326813,0.04437467642060123,1.21750910971348
88.104887,2.081028962340194,0.035025571355413496,6.366792579710221,2.081028962340194,0.035025571355413496,0.9642479686154626
91.201084,2.0833401958667492,0.03450749265261064,6.3763951913971155,2.0833401958667492,0.03450749265261064,0.9489342714022451
94.406088,2.079327925934521,0.031438494888099223,6.359452412640146,2.079327925934521,0.031438494888099223,0.8662201900668247
97.723722,2.080710316445196,0.02541248778787264,6.3648801826643275,2.080710316445196,0.02541248778787264,0.6997398413857865
101.157945,2.07687351597163,0.0428396345561989,6.35004837624142,2.07687351597163,0.0428396345561989,1.1816714952901235
104.712855,2.0832869171679675,0.02679747988434332,6.37570024957331,2.0832869171679675,0.02679747988434332,0.7369593760183284
108.392691,2.0832891097524047,0.02442581664288904,6.3755878438309255,2.0832891097524047,0.02442581664288904,0.6717416585432605
112.201845,2.0756040831575135,0.026891678514570184,6.343619272295468,2.0756040831575135,0.026891678514570184,0.7422867840825238
116.144861,2.0849265132711263,0.0212985561436747,6.38226823301662,2.0849265132711263,0.0212985561436747,0.5852843840595717
120.226443,2.0753820330082364,0.020728679339908376,6.342394274135284,2.0753820330082364,0.020728679339908376,0.5722446911110217
124.451461,2.077211419317852,0.01830256474715167,6.349951183906116,2.077211419317852,0.01830256474715167,0.5048270811117473
128.824955,2.0634216783328405,0.018995718994454226,6.292127824061218,2.0634216783328405,0.018995718994454226,0.5274461317859137
133.352143,2.0746396091851564,0.00876070243220131,6.338930745831897,2.0746396091851564,0.00876070243220131,0.2419448125824286
138.038426,2.0716386904091726,0.01880712405409225,6.326638185832868,2.0716386904091726,0.01880712405409225,0.5201385918326801
142.889396,2.0673546856279623,0.014331272311847557,6.308508550363628,2.0673546856279623,0.014331272311847557,0.39717822567376215
147.910839,2.0679072235777682,0.02162922082131462,6.311096100450592,2.0679072235777682,0.02162922082131462,0.599261835356764
153.108746,2.06200382622321,0.025752153183447264,6.286466663708992,2.06200382622321,0.025752153183447264,0.7155238837288767
158.489319,2.0678600360761794,0.01375928835502869,6.310615076143221,2.0678600360761794,0.01375928835502869,0.3812334993284141
164.058977,2.068354113059606,0.010397889944121146,6.312607639333592,2.068354113059606,0.010397889944121146,0.2880310423154254
169.824365,2.0658597625075865,0.011039086019218896,6.302140742343431,2.0658597625075865,0.011039086019218896,0.30616164278400254
175.792361,2.0608332097076993,0.0066937517269975814,6.280902703159921,2.0608332097076993,0.0066937517269975814,0.1861006376153757
181.970086,2.0712194388215774,0.01286513902225609,6.324689820964114,2.0712194388215774,0.01286513902225609,0.3558815041860702
188.364909,2.066615613396548,0.005213413669946812,6.305221761775418,2.066615613396548,0.005213413669946812,0.14453871564755258
194.98446,2.064569173056286,0.004251480348842171,6.296607184822917,2.064569173056286,0.004251480348842171,0.11798661896666834
201.836636,2.0706774007914235,0.008083704954420927,6.322315061045488,2.0706774007914235,0.008083704954420927,0.22367551007127595
208.929613,2.065138850882401,0.006788455932665538,6.299032067908986,2.065138850882401,0.006788455932665538,0.1883401076237493
216.271852,2.0668565360648343,0.0004903711844285792,6.306206895947424,2.0668565360648343,0.0004903711844285792,0.01359368598892037
223.872114,2.066889872931594,-0.007001187277743377,6.306396577287568,2.066889872931594,-0.007001187277743377,-0.19407756245748123
231.739465,2.0613636330965104,0.0010167553773520917,6.283093254305239,2.0613636330965104,0.0010167553773520917,0.028260800889192087
239.883292,2.070943344476418,-0.003946704563479067,6.323380131262769,2.070943344476418,-0.003946704563479067,-0.10919141816064219
248.313311,2.0600237397237375,0.00195787009626496,6.277448427096427,2.0600237397237375,0.00195787009626496,0.05445454700919647
257.039578,2.062171651034868,0.0024211610224146997,6.28650223170628,2.062171651034868,0.0024211610224146997,0.06726997934182934
266.072506,2.0643393176513287,-0.00565705657562075,6.2956542991915825,2.0643393176513287,-0.00565705657562075,-0.15701132663959863
275.42287,2.0595235058968004,-0.004439401326465494,6.275355239765867,2.0595235058968004,-0.004439401326465494,-0.12350359920344883
285.101827,2.062789796726188,-0.01150993617312072,6.289234702815135,2.062789796726188,-0.01150993617312072,-0.3196951634900013
295.120923,2.054503508834598,-0.0023805148003436536,6.254143576965243,2.054503508834598,-0.0023805148003436536,-0.06638751868938945
305.492111,2.0575878935178755,-0.0028850311971574546,6.26717645703458,2.0575878935178755,-0.0028850311971574546,-0.080336788311559
316.227766,2.0670636273254592,-0.008158342980202446,6.307144552857077,2.0670636273254592,-0.008158342980202446,-0.22613536770844228
327.340695,2.0625657078223267,-0.009723079468807332,6.288252367874688,2.0625657078223267,-0.009723079468807332,-0.27009432413640444
338.844156,2.0702787150530164,-0.011503706277596157,6.320710431352162,2.0702787150530164,-0.011503706277596157,-0.318366329251548
350.751874,2.054434850397178,-0.011446534973686903,6.253982287912166,2.054434850397178,-0.011446534973686903,-0.31922713813571335
363.078055,2.0621570459281786,-0.005740641506723322,6.286468383805154,2.0621570459281786,-0.005740641506723322,-0.15949982133416485
375.837404,2.0506241587635343,-0.010926402570897876,6.237844690593661,2.0506241587635343,-0.010926402570897876,-0.30528794141741994
389.045145,2.0572696524621077,-0.014617764920778922,6.26604365063527,2.0572696524621077,-0.014617764920778922,-0.40710372624424623
402.717034,2.061880336418307,-0.01768299644858427,6.285588551456315,2.061880336418307,-0.01768299644858427,-0.491365191954285
416.869383,2.0619139104099347,-0.009698731590721408,6.285506658713284,2.0619139104099347,-0.009698731590721408,-0.2695031473982787
431.519077,2.0643076908892115,-0.013442855727808543,6.295672777912752,2.0643076908892115,-0.013442855727808543,-0.37310717486983164
446.683592,2.056155660196365,-0.01797234010283497,6.261451583424097,2.056155660196365,-0.01797234010283497,-0.5007952621190966
462.381021,2.058229619836565,-0.019086859266420893,6.2702499386589805,2.058229619836565,-0.019086859266420893,-0.5313134757544603
478.630092,2.0601990160636365,-0.020045615075690516,6.278594643128839,2.0601990160636365,-0.020045615075690516,-0.557466968123903
495.450191,2.0663530004359965,-0.018628047149078144,6.304443236476898,2.0663530004359965,-0.018628047149078144,-0.5165039905181344
512.861384,2.06027804284167,-0.021249861341335875,6.278978660847777,2.06027804284167,-0.021249861341335875,-0.5909319878000956
530.884444,2.0590184631156183,-0.022365831221755623,6.273717217674259,2.0590184631156183,-0.022365831221755623,-0.6223437818524009
549.540874,2.0592391252102127,-0.021017856036582253,6.274588025728533,2.0592391252102127,-0.021017856036582253,-0.5847755203188933
568.852931,2.064341892223373,-0.028643403220407083,6.296468560871777,2.064341892223373,-0.028643403220407083,-0.7949462312876379
588.843655,2.0607669587413033,-0.02939044291849209,6.281460922070311,2.0607669587413033,-0.02939044291849209,-0.8170910210923698
609.536897,2.055593107978676,-0.02536147609600586,6.259404095501781,2.055593107978676,-0.02536147609600586,-0.7068674303911721
630.957344,2.05747081123347,-0.03413253553181856,6.267868726868139,2.05747081123347,-0.03413253553181856,-0.9504245901716536
653.130553,2.0565921499613102,-0.030103159311082397,6.263893866487768,2.0565921499613102,-0.030103159311082397,-0.8386012822712806
676.082975,2.0601297896573,-0.03117245195440473,6.278885873054627,2.0601297896573,-0.03117245195440473,-0.8668937523109865
699.841996,2.0622284630611154,-0.031182109784639853,6.287728358304885,2.0622284630611154,-0.031182109784639853,-0.8662799390501841
724.43596,2.0594897035614412,-0.026926505893401995,6.275934815273886,2.0594897035614412,-0.026926505893401995,-0.749062859766732
749.894209,2.05778422853094,-0.03593173715281431,6.269320646769394,2.05778422853094,-0.03593173715281431,-1.000361293077023
776.247117,2.0575040714749937,-0.03876367774860968,6.2683553252824575,2.0575040714749937,-0.03876367774860968,-1.0793331777925117
803.526122,2.055912511279168,-0.04336885160645515,6.262024709834345,2.055912511279168,-0.04336885160645515,-1.2084578838418771
831.763771,2.0541351762231055,-0.03852954794964867,6.254108094023776,2.0541351762231055,-0.03852954794964867,-1.074574676684362
860.993752,2.0565836696037305,-0.04280622096448913,6.264808756263303,2.0565836696037305,-0.04280622096448913,-1.1923957883039096
891.250938,2.059891821529759,-0.045794751070155244,6.279034216103473,2.059891821529759,-0.045794751070155244,-1.273568731306854
922.571427,2.05554545956155,-0.04349330533937969,6.260485635083453,2.05554545956155,-0.04349330533937969,-1.2121410554759844
954.992586,2.0561723843152837,-0.05029584457561901,6.263788203445348,2.0561723843152837,-0.05029584457561901,-1.4012273970275664
988.553095,2.0594109765114723,-0.05142801247071086,6.277567925377143,2.0594109765114723,-0.05142801247071086,-1.4305040684283858
1023.292992,2.0567865605171667,-0.04987655219208356,6.2663376363561,2.0567865605171667,-0.04987655219208356,-1.3891358634577033
1059.253725,2.0587983110228825,-0.05089235601143414,6.274929016521668,2.0587983110228825,-0.05089235601143414,-1.4160316171846845
1096.478196,2.0555989128630374,-0.05769298048357661,6.262187243294434,2.0555989128630374,-0.05769298048357661,-1.6076564016783812
1135.010816,2.0561452939723264,-0.05767845864106557,6.264492122145695,2.0561452939723264,-0.05767845864106557,-1.6068250799750121
1174.897555,2.0550055587781157,-0.05906680153366689,6.259846478658399,2.0550055587781157,-0.05906680153366689,-1.6463930748495197
1216.186001,2.0576711070174114,-0.062013205128326115,6.271461978211671,2.0576711070174114,-0.062013205128326115,-1.726233009181065
1258.925412,2.055001270376054,-0.06173700699071844,6.260159811852945,2.055001270376054,-0.06173700699071844,-1.7207806097930989
1303.166778,2.0575694862340517,-0.06435072959330006,6.271336115678173,2.0575694862340517,-0.06435072959330006,-1.7913483895595184
1348.962883,2.058037121938435,-0.06605530297765663,6.273535751373645,2.058037121938435,-0.06605530297765663,-1.8383493730602551
1396.368361,2.052188734773902,-0.07013846021933662,6.249415993511372,2.052188734773902,-0.07013846021933662,-1.9574584267015722
1445.439771,2.0516136582438986,-0.077657712075425,6.248129642464512,2.0516136582438986,-0.077657712075425,-2.1677258439499787
1496.235656,2.054449606073988,-0.07559129322434144,6.259785333154858,2.054449606073988,-0.07559129322434144,-2.107186853220629
1548.816619,2.0542165704812234,-0.0749928999998757,6.258708758070654,2.0542165704812234,-0.0749928999998757,-2.0907578153213224
1603.245391,2.050814641597569,-0.08085665395447704,6.24527386705555,2.050814641597569,-0.08085665395447704,-2.2578085273822563
1659.586907,2.0529947482376296,-0.08558281524749409,6.255297346972152,2.0529947482376296,-0.08558281524749409,-2.3870965262399984
1717.908387,2.0515844895148656,-0.08545498341360909,6.249316560142338,2.0515844895148656,-0.08545498341360909,-2.3851716751019394
1778.27941,2.051118506051818,-0.093589306110697,6.248847468790392,2.051118506051818,-0.093589306110697,-2.6125041241676312
1840.772001,2.0494824286429654,-0.09237136499383049,6.24169710887875,2.0494824286429654,-0.09237136499383049,-2.580607671424015
1905.460718,2.0514323442496805,-0.09258555106115962,6.249981166657522,2.0514323442496805,-0.09258555106115962,-2.5841280872154155
1972.422736,2.0530507820212676,-0.10159325164175728,6.258615276431825,2.0530507820212676,-0.10159325164175728,-2.8329159896499116
2041.737945,2.0486027890975804,-0.10134521144078523,6.239770788859664,2.0486027890975804,-0.10134521144078523,-2.8321365904513
2113.48904,2.048250152609343,-0.10455939359453569,6.238962539115053,2.048250152609343,-0.10455939359453569,-2.922307232704522
2187.761624,2.0522806980769275,-0.10690621592644611,6.256503901922948,2.0522806980769275,-0.10690621592644611,-2.9819233016716202
2264.644308,2.049410246974553,-0.11250828768969683,6.245647053507138,2.049410246974553,-0.11250828768969683,-3.142262943347328
2344.228815,2.0489801935150425,-0.11300143046754332,6.243944363513888,2.0489801935150425,-0.11300143046754332,-3.1566692936290837
2426.610095,2.0434405315034945,-0.12332815439243007,6.223030534810713,2.0434405315034945,-0.12332815439243007,-3.4537936356451184
2511.886432,2.045399325979007,-0.12536486657043516,6.231846328361579,2.045399325979007,-0.12536486657043516,-3.5073364263095272
2600.159563,2.0500348322019595,-0.1300597945315508,6.252669982655692,2.0500348322019595,-0.1300597945315508,-3.630135149800419
2691.534804,2.0424573184095483,-0.1352769051654791,6.2220694759812645,2.0424573184095483,-0.1352769051654791,-3.789304108510831
2786.121169,2.047929006946703,-0.1387589128152159,6.246190079012885,2.047929006946703,-0.1387589128152159,-3.8761926166335425
2884.031503,2.0437129456403844,-0.1408527383422666,6.228977934188386,2.0437129456403844,-0.1408527383422666,-3.9425917959108614
2985.382619,2.0418016577860376,-0.14608204875572894,6.222444924446412,2.0418016577860376,-0.14608204875572894,-4.092291394721527
3090.295433,2.076058652373104,-0.1801641114131744,6.377376904084842,2.076058652373104,-0.1801641114131744,-4.95980501573689
3198.89511,2.0586870206786334,-0.174725029608291,6.302977792670747,2.0586870206786334,-0.174725029608291,-4.851185588537174
3311.311215,2.0613210898138754,-0.19354058026830595,6.321030906274068,2.0613210898138754,-0.19354058026830595,-5.363863064419528
3427.677865,2.064603483151837,-0.19587768673087003,6.335649603212752,2.064603483151837,-0.19587768673087003,-5.419671355025324
3548.133892,2.065146025056724,-0.19145283371045607,6.336181394061126,2.065146025056724,-0.19145283371045607,-5.296562354241227
3672.823005,2.05339112006027,-0.211137542511004,6.295109383370033,2.05339112006027,-0.211137542511004,-5.870739654713634
3801.893963,2.0527809935552987,-0.21498349659299618,6.294226187002552,2.0527809935552987,-0.21498349659299618,-5.978673829777518
3935.500755,2.0680600862686824,-0.21823319618223416,6.3593572553008855,2.0680600862686824,-0.21823319618223416,-6.023875252653816
4073.802778,2.0522573813343725,-0.2282467273905016,6.298026236669985,2.0522573813343725,-0.2282467273905016,-6.3462072390757225
4216.965034,2.048212224219051,-0.24052939543904264,6.286982118490316,2.048212224219051,-0.24052939543904264,-6.697785889260438
4365.158322,2.0493228288999026,-0.2332461594408184,6.288105354343009,2.0493228288999026,-0.2332461594408184,-6.493246612902048
4518.559444,2.0494249613104696,-0.24588370782462,6.294709128546836,2.0494249613104696,-0.24588370782462,-6.841470158201122
4677.351413,2.0327311626482403,-0.2481092716535991,6.2258225946466785,2.0327311626482403,-0.2481092716535991,-6.9589350215528905
4841.723676,2.052574548331574,-0.27082290119958596,6.3209343794744255,2.052574548331574,-0.27082290119958596,-7.516361951327977
5011.872336,2.037425685685041,-0.2749653619554364,6.260023871267647,2.037425685685041,-0.2749653619554364,-7.686042046474168
5188.000389,2.0391364235176055,-0.28633815512687105,6.2737270823040445,2.0391364235176055,-0.28633815512687105,-7.9932828203968285
5370.317964,2.036485165598295,-0.28921233388830486,6.264343623248282,2.036485165598295,-0.28921233388830486,-8.082835212544563
5559.042573,2.0390824942710966,-0.31539573432404777,6.291375076745455,2.0390824942710966,-0.31539573432404777,-8.792565664689038
5754.399373,2.037606267035323,-0.31506633646371296,6.285019438898244,2.037606267035323,-0.31506633646371296,-8.789790266221791
5956.621435,2.0315138465088567,-0.3269456860976043,6.267449033994796,2.0315138465088567,-0.3269456860976043,-9.14261375165695
6165.950019,2.02722173472947,-0.33754002299803126,6.2567879452296635,2.02722173472947,-0.33754002299803126,-9.453239870148055
6382.634862,2.021323987766784,-0.3546828554862498,6.244420220467037,2.021323987766784,-0.3546828554862498,-9.952403462037296
6606.93448,2.029312904697482,-0.35838671554556956,6.280364365736176,2.029312904697482,-0.35838671554556956,-10.015445805150206
6839.116473,2.0112710956760664,-0.3844914800573744,6.2252953557956925,2.0112710956760664,-0.3844914800573744,-10.822565194433158
7079.457844,2.003531422337344,-0.3872787760421439,6.195235503448132,2.003531422337344,-0.3872787760421439,-10.940238276129643
7328.245331,2.0063904455281545,-0.4007352335354999,6.21819075693717,2.0063904455281545,-0.4007352335354999,-11.295025800899007
7585.77575,2.006314404565509,-0.41775111592275394,6.232300036571029,2.006314404565509,-0.41775111592275394,-11.76196494753034
7852.356346,1.9918377793061717,-0.42333234623011834,6.176950774368951,1.9918377793061717,-0.42333234623011834,-11.998738295452263
8128.305162,1.9873670704116804,-0.4287717288209812,6.1631511228913185,1.9873670704116804,-0.4287717288209812,-12.174872222294125
8413.951416,1.993330991037471,-0.45261260482014715,6.209919906343093,1.993330991037471,-0.45261260482014715,-12.792863588424344
8709.6359,1.9883687042180662,-0.4725772349922427,6.208581689501611,1.9883687042180662,-0.4725772349922427,-13.369483166311914
9015.711376,1.9854983630166692,-0.4923930437359896,6.216596234159244,1.9854983630166692,-0.4923930437359896,-13.928055127701201
9332.543008,1.9749389400889195,-0.5008625958778957,6.181785911810875,1.9749389400889195,-0.5008625958778957,-14.230702855828122
9660.50879,1.969384678050141,-0.5253245346611993,6.185126873059657,1.969384678050141,-0.5253245346611993,-14.935634965035986
10000,1.9557132772163626,-0.5368619861443065,6.141624278530452,1.9557132772163626,-0.5368619861443065,-15.35012335795447
10351.421667,1.95712100830514,-0.5341219481545502,6.144340973593047,1.95712100830514,-0.5341219481545502,-15.264973391039671
10715.193052,1.9435385149704998,-0.5708866115762056,6.131283467571128,1.9435385149704998,-0.5708866115762056,-16.36939571186069
11091.748153,1.9365211498616146,-0.5834252317290312,6.117763083313058,1.9365211498616146,-0.5834252317290312,-16.76623616569186
11481.536215,1.925634153846747,-0.6023437187003037,6.096888179892893,1.925634153846747,-0.6023437187003037,-17.36982792922398
11885.022274,1.922716089977817,-0.6124516426741781,6.0980074902472765,1.922716089977817,-0.6124516426741781,-17.668478172804384
12302.687708,1.8969421962553397,-0.6449503322597772,6.036153025630137,1.8969421962553397,-0.6449503322597772,-18.777762085580832
12735.03081,1.883894137114109,-0.6597181575816532,6.003504146288855,1.883894137114109,-0.6597181575816532,-19.29966984962055
13182.567386,1.877302705992037,-0.6751224215813575,5.9988915368663935,1.877302705992037,-0.6751224215813575,-19.779783968542475
13645.831366,1.853146187602352,-0.6934540183072668,5.927350131220717,1.853146187602352,-0.6934540183072668,-20.516031232696328
14125.375446,1.8467546755981816,-0.7180374546120635,5.939592131507073,1.8467546755981816,-0.7180374546120635,-21.246599912743577
14621.771745,1.84278560074112,-0.7526094041241129,5.979451278333573,1.84278560074112,-0.7526094041241129,-22.215524548981783
15135.612484,1.8081490636472195,-0.7573578942691543,5.846697082595304,1.8081490636472195,-0.7573578942691543,-22.726767934478765
15667.510701,1.8055336700232836,-0.7750814311055516,5.866663996443683,1.8055336700232836,-0.7750814311055516,-23.232932060809073
16218.100974,1.786678450426879,-0.7965105192913665,5.828186161261737,1.786678450426879,-0.7965105192913665,-24.027560677818407
16788.040181,1.7692677600540303,-0.8262579019084045,5.812680043066507,1.7692677600540303,-0.8262579019084045,-25.03283670743564
17378.008287,1.741532607617339,-0.8449100213001974,5.736615278031323,1.741532607617339,-0.8449100213001974,-25.88048840277697
17988.709151,1.7166857227100116,-0.8625984371060378,5.671541563682251,1.7166857227100116,-0.8625984371060378,-26.678565106450645
18620.871367,1.6983061789035985,-0.8840568353213836,5.6416881016947436,1.6983061789035985,-0.8840568353213836,-27.49932569719253
19275.249132,1.6766714195521957,-0.9197868525784536,5.631528558641682,1.6766714195521957,-0.9197868525784536,-28.74825095437252
19952.62315,1.6565510876202139,-0.9321747027541081,5.5788132584655585,1.6565510876202139,-0.9321747027541081,-29.367335225413044
20653.801558,1.6273368920289424,-0.9643854044067183,5.53672448121938,1.6273368920289424,-0.9643854044067183,-30.651648148428972
21379.620895,1.6053498367438628,-0.9764714701760698,5.478540067665525,1.6053498367438628,-0.9764714701760698,-31.310512310314973
22130.947096,1.5693227774498166,-0.9940453078102557,5.37932381282019,1.5693227774498166,-0.9940453078102557,-32.35111442811037
22908.676528,1.5502590776745917,-1.0235469245748403,5.379388575708624,1.5502590776745917,-1.0235469245748403,-33.43448832850673
23713.737057,1.5262668760052103,-1.036783019838602,5.3204180739520535,1.5262668760052103,-1.036783019838602,-34.188009067442
24547.089157,1.499435736507879,-1.0541572104621892,5.2628174924463895,1.499435736507879,-1.0541572104621892,-35.10859636557138
25409.727055,1.4610488985024508,-1.082448829684361,5.1935005323225125,1.4610488985024508,-1.082448829684361,-36.533675957096634
26302.679919,1.4226578872188045,-1.0980374414984444,5.091543421480145,1.4226578872188045,-1.0980374414984444,-37.66171918699949
27227.013081,1.3880291544900734,-1.108060697265022,4.989199915971886,1.3880291544900734,-1.108060697265022,-38.600291967038594
28183.829313,1.34504637260502,-1.1313407323659672,4.898293802120656,1.34504637260502,-1.1313407323659672,-40.067745825613
29174.27014,1.3160060215198277,-1.156813068276924,4.8715086990905965,1.3160060215198277,-1.156813068276924,-41.31654611743381
30199.517204,1.2777676051446705,-1.1594119288489808,4.737680498756875,1.2777676051446705,-1.1594119288489808,-42.21975449322213
31260.793671,1.230554681222615,-1.1827093552844443,4.64350360511478,1.230554681222615,-1.1827093552844443,-43.86420378770188
32359.365693,1.201584322340886,-1.1816974558219502,4.533510272437309,1.201584322340886,-1.1816974558219502,-44.521916759718266
33496.543916,1.1626761264429937,-1.2088032756364009,4.491729950260329,1.1626761264429937,-1.2088032756364009,-46.11430769553675
34673.685045,1.108750102028274,-1.2123891746372497,4.312373659965622,1.108750102028274,-1.2123891746372497,-47.55656354326453
35892.193465,1.0678283561279402,-1.22573015964626,4.2204323405014685,1.0678283561279402,-1.22573015964626,-48.93835767586036
37153.52291,1.0253657186124867,-1.240069179252684,4.131566121610214,1.0253657186124867,-1.240069179252684,-50.413957481069104
38459.178205,0.9751696511555464,-1.235308101005658,3.9391582902788307,0.9751696511555464,-1.235308101005658,-51.711939460445784
39810.717055,0.9415252863687588,-1.2359401436897053,3.8274048673480063,0.9415252863687588,-1.2359401436897053,-52.70025790249305
41209.75191,0.8851792251796913,-1.243586306236664,3.6736508430975308,0.8851792251796913,-1.243586306236664,-54.556907302549554
42657.95188,0.8467890248853782,-1.2467106502190275,3.5628197676138695,0.8467890248853782,-1.2467106502190275,-55.81492486320261
44157.044735,0.7991563203224029,-1.2409397933090325,3.3817398978766104,0.7991563203224029,-1.2409397933090325,-57.21875543826893
45708.818961,0.745616982525531,-1.2372692348359928,3.1947663328442704,0.745616982525531,-1.2372692348359928,-58.92552373132818
47315.125896,0.7124486735670976,-1.2270116402332178,3.0387412433200227,0.7124486735670976,-1.2270116402332178,-59.85895312515182
48977.881937,0.6645151124368026,-1.228761079783417,2.9035389547694628,0.6645151124368026,-1.228761079783417,-61.59543690260328
50699.070827,0.6127008300474114,-1.2177488414829778,2.691192268431875,0.6127008300474114,-1.2177488414829778,-63.29110212635158
52480.746025,0.5668357739098917,-1.202728757720283,2.474476875027664,0.5668357739098917,-1.202728757720283,-64.76589922881162
54325.033149,0.5233443309446285,-1.2013896236328792,2.3482753542420087,0.5233443309446285,-1.2013896236328792,-66.46129661576256
56234.132519,0.4818654214031606,-1.1774543537652318,2.0913766845872757,0.4818654214031606,-1.1774543537652318,-67.74349230046883
58210.321777,0.43169381775963533,-1.181870299055773,1.9952945987492394,0.43169381775963533,-1.181870299055773,-69.93460774380874
60255.958607,0.39280831419404705,-1.152293088815353,1.7087098276779402,0.39280831419404705,-1.152293088815353,-71.17613080250236
62373.483548,0.35015410114089385,-1.1326033148868886,1.477993816695207,0.35015410114089385,-1.1326033148868886,-72.82055414576296
64565.422903,0.31240202455944904,-1.1153074128270526,1.2759250614168585,0.31240202455944904,-1.1153074128270526,-74.35223018308324
66834.391757,0.26811389454182993,-1.0958781962907334,1.0477179551323066,0.26811389454182993,-1.0958781962907334,-76.25225900958921
69183.097092,0.2290937651972089,-1.0735696182734507,0.8099990563304216,0.2290937651972089,-1.0735696182734507,-77.9540772881134
71614.341021,0.19373135113805662,-1.051973062914109,0.5849403386546523,0.19373135113805662,-1.051973062914109,-79.56532503533619
74131.02413,0.15444529232640733,-1.026293783739736,0.32269040766260365,0.15444529232640733,-1.026293783739736,-81.4418697971579
76736.148936,0.1267417832220699,-1.0002917075016429,0.07170174772316255,0.1267417832220699,-1.0002917075016429,-82.77882754053867
79432.823472,0.08860281675643208,-0.9741446539188311,-0.19175081456173218,0.08860281675643208,-0.9741446539188311,-84.80299203089007
82224.264995,0.06618771564547721,-0.94281491376219,-0.49012012551610507,0.06618771564547721,-0.94281491376219,-85.98429641920285
85113.80382,0.03574757608121247,-0.9151869596999239,-0.7631824850037626,0.03574757608121247,-0.9151869596999239,-87.76314061428413
88104.887301,0.005227657374124282,-0.8863490684535882,-1.0477530769905912,0.005227657374124282,-0.8863490684535882,-89.66207531327811
91201.083936,-0.016176501917844324,-0.8627208093854173,-1.2810678873554568,-0.016176501917844324,-0.8627208093854173,-91.0742023129443
94406.087629,-0.04867801686621655,-0.8244699990290181,-1.6613900738414604,-0.04867801686621655,-0.8244699990290181,-93.37891118008869
97723.722096,-0.07134604818964879,-0.7920629579173651,-1.9897106466482484,-0.07134604818964879,-0.7920629579173651,-95.1470973084416
101157.945426,-0.09368796906041858,-0.7650695063365632,-2.2613402567346466,-0.09368796906041858,-0.7650695063365632,-96.98149927222141
104712.854805,-0.10581056022074208,-0.7307096779652281,-2.634979187264874,-0.10581056022074208,-0.7307096779652281,-98.23945547671852
108392.691402,-0.12569657975856846,-0.6998464616448453,-2.9620607710862714,-0.12569657975856846,-0.6998464616448453,-100.1821026680443
112201.84543,-0.14696490222518585,-0.6651992179256511,-3.333990228293795,-0.14696490222518585,-0.6651992179256511,-102.45843403834982
116144.861384,-0.15516217298519364,-0.6395287701083373,-3.634395456981015,-0.15516217298519364,-0.6395287701083373,-103.6375627448929
120226.443462,-0.16693932108073975,-0.6083982629326566,-4.000981780897822,-0.16693932108073975,-0.6083982629326566,-105.34383377617235
124451.461177,-0.17691338664208142,-0.5819730255327704,-4.318089000551733,-0.17691338664208142,-0.5819730255327704,-106.90869384437629
128824.955169,-0.1842089868751007,-0.5478456062752602,-4.7616543604777934,-0.1842089868751007,-0.5478456062752602,-108.58483334124216
133352.143216,-0.19541733601516603,-0.5179943117112131,-5.1356095977604515,-0.19541733601516603,-0.5179943117112131,-110.66936891087815
138038.42646,-0.20153296419451341,-0.49009059052032156,-5.515962111597309,-0.20153296419451341,-0.49009059052032156,-112.3532361780882
142889.395851,-0.20738687743719117,-0.4619166561236099,-5.911221005046867,-0.20738687743719117,-0.4619166561236099,-114.17866591060768
147910.838817,-0.20679963875954968,-0.4362700875963503,-6.324620490959418,-0.20679963875954968,-0.4362700875963503,-115.36176862774762
153108.746168,-0.21725166567126508,-0.41158377796700407,-6.643425652311165,-0.21725166567126508,-0.41158377796700407,-117.82702451200466
158489.319246,-0.21754488676438083,-0.38585448376927306,-7.072800565819023,-0.21754488676438083,-0.38585448376927306,-119.41431833302853
164058.97732,-0.2183213044145316,-0.3625248127879473,-7.469324663382984,-0.2183213044145316,-0.3625248127879473,-121.05737879627844
169824.365246,-0.2174881699422216,-0.332714441558589,-8.013429029126065,-0.2174881699422216,-0.332714441558589,-123.17176913783113
175792.361396,-0.21430549274058763,-0.30781460540514766,-8.51777903509706,-0.21430549274058763,-0.30781460540514766,-124.8462581144946
181970.085861,-0.2180759703298127,-0.28885115728642696,-8.827548294316312,-0.2180759703298127,-0.28885115728642696,-127.05196393624567
188364.908949,-0.2143265650090443,-0.2595717274568958,-9.45718889476902,-0.2143265650090443,-0.2595717274568958,-129.5462498279566
194984.459976,-0.20664267592121494,-0.24513931730383492,-9.880302043694213,-0.20664267592121494,-0.24513931730383492,-130.12955399987948
201836.636368,-0.2050907303367714,-0.22576342502365682,-10.313707620498096,-0.2050907303367714,-0.22576342502365682,-132.25301366598524
208929.613085,-0.1999009484375247,-0.2034258687576111,-10.89682626750083,-0.1999009484375247,-0.2034258687576111,-134.49926980540195
216271.852373,-0.19604588751980737,-0.18638282392181432,-11.35651827327235,-0.19604588751980737,-0.18638282392181432,-136.44742003636668
223872.113857,-0.18640603149307253,-0.1675721019891252,-12.01849405893393,-0.18640603149307253,-0.1675721019891252,-138.04563476309053
231739.464997,-0.18195457971985157,-0.1477145606756624,-12.602136421139996,-0.18195457971985157,-0.1477145606756624,-140.92958049926457
239883.291902,-0.1756821661129744,-0.13409057961946103,-13.111842691911553,-0.1756821661129744,-0.13409057961946103,-142.64707580503142
248313.31053,-0.1647119567478042,-0.12025885021307206,-13.809879009968304,-0.1647119567478042,-0.12025885021307206,-143.8662168717327
257039.578277,-0.15984970118611708,-0.10515632741007805,-14.364028789849872,-0.15984970118611708,-0.10515632741007805,-146.66128139073996
266072.50598,-0.15176538089209507,-0.09508739749786609,-14.938422172597948,-0.15176538089209507,-0.09508739749786609,-147.93112485353384
275422.870334,-0.14018781799229327,-0.08455046126152367,-15.718424415482943,-0.14018781799229327,-0.08455046126152367,-148.90486589378952
285101.82675,-0.1323150965561028,-0.07402090904109902,-16.385294227093404,-0.1323150965561028,-0.07402090904109902,-150.776082972871
295120.922667,-0.122932431152236,-0.06504007467792805,-17.134852851838133,-0.122932431152236,-0.06504007467792805,-152.11794832412826
305492.111322,-0.11653554667620263,-0.05343595336683871,-17.842055915028496,-0.11653554667620263,-0.05343595336683871,-155.36675456748355
316227.766017,-0.11009558424832633,-0.047550740432888455,-18.421773761996327,-0.11009558424832633,-0.047550740432888455,-156.64028346683642
327340.694879,-0.10401494816403008,-0.03807136572008396,-19.112071759288444,-0.10401494816403008,-0.03807136572008396,-159.896453834986
338844.156139,-0.09263782911601603,-0.033311053322815885,-20.136137653704598,-0.09263782911601603,-0.033311053322815885,-160.2222421085561
350751.873953,-0.08595391313646,-0.02912110154751105,-20.842776645070504,-0.08595391313646,-0.02912110154751105,-161.28367011781043
363078.05477,-0.07879473801049461,-0.021708035507661098,-21.752333194192847,-0.07879473801049461,-0.021708035507661098,-164.59706086906309
375837.404288,-0.07095801132547788,-0.019876145010815482,-22.651921314981337,-0.07095801132547788,-0.019876145010815482,-164.3518371503508
389045.144994,-0.06552988448328091,-0.016214974871612803,-23.41312282710081,-0.06552988448328091,-0.016214974871612803,-166.1016741698367
402717.034325,-0.05623461622412742,-0.011609698539476486,-24.818656200607325,-0.05623461622412742,-0.011609698539476486,-168.3351076578182
416869.38347,-0.05140517948167514,-0.010013714606731434,-25.618110911394815,-0.05140517948167514,-0.010013714606731434,-168.97684621114757
431519.076828,-0.044405610103069426,-0.00761555367305176,-26.925350128191244,-0.044405610103069426,-0.00761555367305176,-170.26845638108603
446683.592151,-0.039980855680659344,-0.005684208084175181,-27.87604878397375,-0.039980855680659344,-0.005684208084175181,-171.90830195647683
462381.021399,-0.03447049694701155,-0.005164691119035025,-29.154633307675798,-0.03447049694701155,-0.005164691119035025,-171.47879867962706
478630.092323,-0.02925567856510004,-0.0032695269922695847,-30.62189065589045,-0.02925567856510004,-0.0032695269922695847,-173.6232552065629
495450.190805,-0.02419655109634683,-0.0030522132399533144,-32.25637005729888,-0.02419655109634683,-0.0030522132399533144,-172.8105398773737
512861.383991,-0.019796596904419567,-0.0023096071954444852,-34.00947535820021,-0.019796596904419567,-0.0023096071954444852,-173.34556289506367
530884.444231,-0.016794892985959528,-0.00258219723676788,-35.39498804130198,-0.016794892985959528,-0.00258219723676788,-171.25927816614788
549540.873858,-0.012256455916404937,-0.0014403045991235113,-38.173138158839365,-0.012256455916404937,-0.0014403045991235113,-173.297685528206
568852.930844,-0.010151206122204895,-0.0009000231259368126,-39.83564112113067,-0.010151206122204895,-0.0009000231259368126,-174.9333076883068
588843.655356,-0.007309658793610309,-0.00043030002551681137,-42.70703404182925,-0.007309658793610309,-0.00043030002551681137,-176.63103896152003
609536.89724,-0.00474559292252068,-0.001159744157027293,-46.22226574534424,-0.00474559292252068,-0.001159744157027293,-166.2670318529784
630957.34448,-0.0021670944005348688,-0.0006737176555845145,-52.88176443456529,-0.0021670944005348688,-0.0006737176555845145,-162.73030195466896
653130.552647,-0.0004777503310546821,-5.766899924527404E-05,-66.35315655823497,-0.0004777503310546821,-5.766899924527404E-05,-173.11715618441423
676082.975392,0.0021333299307026363,0.0017568000769434373,-51.17052012087289,0.0021333299307026363,0.0017568000769434373,39.47150175715558
699841.996002,0.009430597814857942,0.003368846794110999,-39.98762705232337,0.009430597814857942,0.003368846794110999,19.65800601231363
724435.960075,0.013265495304788794,8.888416664117472E-05,-37.545335621441616,0.013265495304788794,8.888416664117472E-05,0.38389907699397413
749894.209332,0.01758118790477059,-0.0054153679677407945,-34.70538360143225,0.01758118790477059,-0.0054153679677407945,-17.119910120065825
776247.116629,0.013939056424011314,-0.006958585740317626,-36.148958509920696,0.013939056424011314,-0.006958585740317626,-26.529057102547732
803526.122186,0.014450455265909526,-0.0046607794537455085,-36.372564945042114,0.014450455265909526,-0.0046607794537455085,-17.876334476996817
831763.771103,0.015268289511050423,-0.008833448036246527,-35.07029540338816,0.015268289511050423,-0.008833448036246527,-30.051469201935745
860993.752185,0.017449538156459273,-0.012383974886310321,-33.39277525276743,0.017449538156459273,-0.012383974886310321,-35.36340453514361
891250.938134,0.014123793152417735,-0.0069828086463457496,-36.05126226203239,0.014123793152417735,-0.0069828086463457496,-26.30780886399254
922571.427155,0.018106463457241154,-0.010169691574308727,-33.65254129084473,0.018106463457241154,-0.010169691574308727,-29.32121675844879
954992.586021,0.021852158498512724,-0.00567378210506774,-32.9267800943825,0.021852158498512724,-0.00567378210506774,-14.555109441457732
988553.094657,0.0157114642361843,-0.016858766954594043,-32.74849758933512,0.0157114642361843,-0.016858766954594043,-47.01743839014123
1023292.992281,0.014042189771676206,-0.018096581951016984,-32.80114287442261,0.014042189771676206,-0.018096581951016984,-52.190034729709325
1059253.725177,0.01813328079401414,-0.02847313526543127,-29.43272215300705,0.01813328079401414,-0.02847313526543127,-57.508741980779604
1096478.196143,0.023345983903496396,-0.027112739558661888,-28.92744021053932,0.023345983903496396,-0.027112739558661888,-49.269224948910896
1135010.815672,0.0203657799761065,-0.013228875063372943,-32.29318700020959,0.0203657799761065,-0.013228875063372943,-33.00629791986265
1174897.55494,0.017181368934417227,-0.03022009242384745,-29.17770083231986,0.017181368934417227,-0.03022009242384745,-60.37998385048187
1216186.000646,0.007127922738133089,-0.02358776101952309,-32.166755666269815,0.007127922738133089,-0.02358776101952309,-73.1858477580206
1258925.411794,0.015619641499652044,-0.018455283324942996,-32.33162968745483,0.015619641499652044,-0.018455283324942996,-49.757070289766695
1303166.778452,0.006224937826346689,-0.01119480240564849,-37.84961684947271,0.006224937826346689,-0.01119480240564849,-60.92348673631535
1348962.882592,0.025159978816723067,-0.017959113856769293,-30.19744626758042,0.025159978816723067,-0.017959113856769293,-35.51912678249015
1396368.361056,0.027383220133897313,-0.026881654965836263,-28.31955279415061,0.027383220133897313,-0.026881654965836263,-44.47043554588452
1445439.770746,0.02510985416123825,-0.017319979082056795,-30.312899461488914,0.02510985416123825,-0.017319979082056795,-34.59667737982407
1496235.656094,0.062105654518180516,-0.013538813405268212,-23.935743701156483,0.062105654518180516,-0.013538813405268212,-12.297878276371891
1548816.618912,0.013635797376769789,-0.046586661511906574,-26.277782636478236,0.013635797376769789,-0.046586661511906574,-73.68538072328117
1603245.39069,0.009382202983512286,-0.0201201422148734,-33.07288891154574,0.009382202983512286,-0.0201201422148734,-64.99993781460105
1659586.907438,-0.019109443322217774,0.025686841985688845,-29.89282627769075,-0.019109443322217774,0.025686841985688845,126.64699735538497
1717908.387158,-0.003390811628422929,-0.03618644757577192,-28.791114536308054,-0.003390811628422929,-0.03618644757577192,-95.3532072792311
1778279.410039,0.039317012153529396,0.006440731788767784,-27.993381189256507,0.039317012153529396,0.006440731788767784,9.303298424682746
1840772.001469,0.16145306995829434,-0.0360253648030821,-15.628058059194842,0.16145306995829434,-0.0360253648030821,-12.578477766235572
1905460.717963,-0.2446551063568882,0.054676134078979206,-12.017251182438553,-0.2446551063568882,0.054676134078979206,167.40240029955174
1972422.736115,-0.0011311644456397263,0.00019996465826792892,-58.79584395476928,-0.0011311644456397263,0.00019996465826792892,169.97495586293843
2041737.94467,-0.028292216338858457,0.0010510199361212032,-30.960671339449895,-0.028292216338858457,0.0010510199361212032,177.87251279970283
2113489.039837,-0.14002724526339835,0.017455565552485727,-17.008780021415227,-0.14002724526339835,0.017455565552485727,172.89425832674516
2187761.62395,0.19513744231542213,0.03476305265534462,-14.057501247240614,0.19513744231542213,0.03476305265534462,10.101075757335302
2264644.307593,0.02883729451878556,-0.022575535262960543,-28.724920952763622,0.02883729451878556,-0.022575535262960543,-38.05593510928886
2344228.81532,0.07385508191918426,0.009021146920444817,-22.568075101995845,0.07385508191918426,0.009021146920444817,6.963987465924525
2426610.095082,-0.0029337937855221743,-0.06700825598397593,-23.46911662399263,-0.0029337937855221743,-0.06700825598397593,-92.50695553173954
2511886.43151,0.09483659539384469,0.013339199374255215,-20.37540022946186,0.09483659539384469,0.013339199374255215,8.006389538430414
2600159.563165,-0.1923876852661156,-0.18538408617548938,-11.464217476243048,-0.1923876852661156,-0.18538408617548938,-136.0620981654772
2691534.803927,0.10857626768025028,-0.1216626605649522,-15.752717179594171,0.10857626768025028,-0.1216626605649522,-48.253095472038304
2786121.16863,0.13397215675183072,-0.03767529207954807,-17.129159765858834,0.13397215675183072,-0.03767529207954807,-15.706903119775864
2884031.503127,0.0843615077406994,-0.021099440584496372,-21.213604335284252,0.0843615077406994,-0.021099440584496372,-14.042036974106866
2985382.618918,0.07885175782312,-0.02390876297810313,-21.681795641871236,0.07885175782312,-0.02390876297810313,-16.867909092073784
3090295.432514,-0.46747225562954414,-0.22146545633576534,-5.725508007954177,-0.46747225562954414,-0.22146545633576534,-154.65069789033632
3198895.109691,0.02675069242352417,0.005753645466876544,-31.25689857468322,0.02675069242352417,0.005753645466876544,12.138479345911128
3311311.214826,-0.2971638451864163,0.04901711393893702,-10.423494850983719,-0.2971638451864163,0.04901711393893702,170.63341548653372
3427677.865465,0.0067903648135151816,0.03482651700756675,-28.999758769644274,0.0067903648135151816,0.03482651700756675,78.9670684449571
3548133.892336,0.031145173385645236,0.016288526614769233,-29.0821422566596,0.031145173385645236,0.016288526614769233,27.608990719655612
3672823.004981,0.023552255261096083,0.012891787889478163,-31.42120803925332,0.023552255261096083,0.012891787889478163,28.694955135121592
3801893.963206,-0.1908654574609872,0.0034129542062219117,-14.384064828062911,-0.1908654574609872,0.0034129542062219117,178.9755766373382
3935500.754558,-0.0064324917026572824,-0.0026679938320438297,-43.14301777264969,-0.0064324917026572824,-0.0026679938320438297,-157.47287447780033
4073802.778041,0.02730827424602248,-0.029203784150201847,-27.96259416834014,0.02730827424602248,-0.029203784150201847,-46.92107701773945
4216965.034286,-0.037989961861984806,0.031210596965891936,-26.1666251934027,-0.037989961861984806,0.031210596965891936,140.5952359188817
4365158.322402,-0.027156419008326924,0.026239066074954,-28.458927537276622,-0.027156419008326924,0.026239066074954,135.98426451069514
4518559.443749,0.05053481933311448,0.007980174680825972,-25.821214144035913,0.05053481933311448,0.007980174680825972,8.973724724594424
4677351.412872,-0.03546511143599869,0.08859698609806785,-20.40615122363461,-0.03546511143599869,0.08859698609806785,111.81607973689466
4841723.675841,-0.10057010274106572,-0.051471864762560215,-18.940234655900063,-0.10057010274106572,-0.051471864762560215,-152.89659452158665
5011872.336273,0.09909287934756629,0.03554136969112991,-19.5535882342726,0.09909287934756629,0.03554136969112991,19.731247239971637
5188000.38929,-0.015364164677428273,0.035479500714532125,-28.254016500069522,-0.015364164677428273,0.035479500714532125,113.41470702352719
5370317.963703,-0.08266406518996987,0.10888378603668626,-17.28413319343916,-0.08266406518996987,0.10888378603668626,127.20559949724537
5559042.572704,0.07974124657884232,-0.03140409034135617,-21.34015100385037,0.07974124657884232,-0.03140409034135617,-21.495756527725334
5754399.373372,0.10870525359008378,-0.031295543791798865,-18.929175138364567,0.10870525359008378,-0.031295543791798865,-16.06076956405922
5956621.43529,-0.051441971779262116,-0.037161721677103896,-23.94989251040014,-0.051441971779262116,-0.037161721677103896,-144.15562321866125
6165950.018615,0.01616203686562504,0.02398455428859366,-30.77549484984463,0.01616203686562504,0.02398455428859366,56.025866172007376
6382634.861905,0.06090149159313175,-0.047989404678678856,-22.20982860066045,0.06090149159313175,-0.047989404678678856,-38.237546539293575
6606934.480076,0.0791039929202419,0.2077948282193702,-13.059555139136636,0.0791039929202419,0.2077948282193702,69.15901325054598
6839116.472814,-0.03529391688691084,0.1267734817016166,-17.61522923337907,-0.03529391688691084,0.1267734817016166,105.55727793917991
7079457.843841,-0.12319732902457012,-0.15040051354485154,-14.22532370203985,-0.12319732902457012,-0.15040051354485154,-129.3218784995065
7328245.331389,0.05590879555304228,-0.03813631593230983,-23.391182113129425,0.05590879555304228,-0.03813631593230983,-34.29854628403476
7585775.750292,-0.17437888366630264,-0.001409499623104543,-15.169838403770317,-0.17437888366630264,-0.001409499623104543,-179.5368899075823
7852356.346101,-0.04962117023182602,0.06704777115802728,-21.575365385468125,-0.04962117023182602,0.06704777115802728,126.5046544318147
8128305.161641,-0.20592737092411206,-0.6929212502272802,-2.8187552130408253,-0.20592737092411206,-0.6929212502272802,-106.55127876011363
8413951.416452,0.34410465699655357,0.8223769149640352,-0.9979033560617987,0.34410465699655357,0.8223769149640352,67.29425206123649
8709635.899561,0.0007761372664737653,-0.15591947293721783,-16.141885228469654,0.0007761372664737653,-0.15591947293721783,-89.71479494149476
9015711.37606,0.09264251221986668,0.4962713571992119,-5.93684867873919,0.09264251221986668,0.4962713571992119,79.42589731318971
9332543.00797,0.016913713669816834,-0.013972822313359837,-33.17571980859331,0.016913713669816834,-0.013972822313359837,-39.560924493176095
9660508.789898,-0.15887972266238948,0.04065048307026655,-15.703247689434816,-0.15887972266238948,0.04065048307026655,165.6483551611934
10000000,-0.5244353061885291,-0.13738087048994302,-5.3179170455048315,-0.5244353061885291,-0.13738087048994302,-165.32066583600454

